Г.Москва,"Г.Москва, ОГРН: 1027700229820, Дата присвоения ОГРН: 18.09.2002, ИНН: 7728240240, КПП: 772801001, Генеральный директор: Самохвалов Виктор Сергеевич, Дата прекращения деятельности: 13.11.2017"
 ОГРН: 1027700229820,
 Дата присвоения ОГРН: 18.09.2002,
 ИНН: 7728240240,
 КПП: 772801001,
 Генеральный директор: Самохвалов Виктор Сергеевич,
 Дата прекращения деятельности: 13.11.2017,
,
Г.Москва,
 ОГРН: 1027700229820,
 Дата присвоения ОГРН: 18.09.2002,
 ИНН: 7728240240,
 КПП: 772801001,
 Генеральный директор: Самохвалов Виктор Сергеевич,
 Дата прекращения деятельности: 13.11.2017,
,
Г.Москва,
 ОГРН: 1027700229820,
 Дата присвоения ОГРН: 18.09.2002,
 ИНН: 7728240240,
 КПП: 772801001,
 Генеральный директор: Самохвалов Виктор Сергеевич,
 Дата прекращения деятельности: 13.11.2017,
,
Г.Москва,
 ОГРН: 1027700229820,
 Дата присвоения ОГРН: 18.09.2002,
 ИНН: 7728240240,
 КПП: 772801001,
 Генеральный директор: Самохвалов Виктор Сергеевич,
 Дата прекращения деятельности: 13.11.2017,
,
Г.Москва,
 ОГРН: 1027700229820,
 Дата присвоения ОГРН: 18.09.2002,
 ИНН: 7728240240,
 КПП: 772801001,
 Генеральный директор: Самохвалов Виктор Сергеевич,
 Дата прекращения деятельности: 13.11.2017,
,
Г.Москва,
 ОГРН: 1027700229820,
 Дата присвоения ОГРН: 18.09.2002,
 ИНН: 7728240240,
 КПП: 772801001,
 Генеральный директор: Самохвалов Виктор Сергеевич,
 Дата прекращения деятельности: 13.11.2017,
0
Г.Москва
 ОГРН: 1027700132195
 Дата присвоения ОГРН: 16.08.2002
 ИНН: 7707083893
 КПП: 773601001
 ПРЕЗИДЕНТ
 ПРЕДСЕДАТЕЛЬ ПРАВЛЕНИЯ: Греф Герман Оскарович
0
Г.Москва
 ОГРН: 1027700132195
 Дата присвоения ОГРН: 16.08.2002
 ИНН: 7707083893
 КПП: 773601001
 ПРЕЗИДЕНТ
 ПРЕДСЕДАТЕЛЬ ПРАВЛЕНИЯ: Греф Герман Оскарович
0
Г.Москва
 ОГРН: 1027700132195
 Дата присвоения ОГРН: 16.08.2002
 ИНН: 7707083893
 КПП: 773601001
 ПРЕЗИДЕНТ
 ПРЕДСЕДАТЕЛЬ ПРАВЛЕНИЯ: Греф Герман Оскарович
0
Г.Москва
 ОГРН: 1027700132195
 Дата присвоения ОГРН: 16.08.2002
 ИНН: 7707083893
 КПП: 773601001
 ПРЕЗИДЕНТ
 ПРЕДСЕДАТЕЛЬ ПРАВЛЕНИЯ: Греф Герман Оскарович
0
Г.Москва
 ОГРН: 1027700132195
 Дата присвоения ОГРН: 16.08.2002
 ИНН: 7707083893
 КПП: 773601001
 ПРЕЗИДЕНТ
 ПРЕДСЕДАТЕЛЬ ПРАВЛЕНИЯ: Греф Герман Оскарович
